nom,zone,site_web,facebook,linkedin,instagram_x,telephone,email
Lafarge Service Algérie (Holcim),Pavillon Palestine / Cascade,https://www.lafarge.dz,https://www.facebook.com/holcim.dz,https://www.linkedin.com/company/bnalgerie,,+213 (0)23 67 10 00,sofiane.yahimi@lafarge.com
Condor Electronics spa,Pavillon Palestine,https://www.condor.dz,https://www.facebook.com/condordz,https://www.linkedin.com/company/condor-algerie,,+213 (0)35 87 61 61,info@condor.dz
Banque Nationale d'Algérie (BNA),Pavillon Palestine,https://www.bna.dz,https://www.facebook.com/bnalgerie,https://www.linkedin.com/company/bnalgerie,,+213 (0)21 63 35 11,CEC@bna.dz
Banque Extérieure d'Algérie (BEA),Pavillon Palestine,https://www.bea.dz,https://www.facebook.com/BEAlgerie,https://www.linkedin.com/company/banque-extérieure-d-algérie,,+213 (0)23 56 92 40,
Al Salam Bank Algeria spa,Pavillon Palestine,https://www.alsalamalgeria.com,https://www.facebook.com/alsalam.bank.alger,https://www.linkedin.com/company/al-salam-bank-algeria,,+213 21 38 88 88,Tawassol@alsalamalgeria.com
AXA Assurances Algérie Dommage spa,Pavillon Palestine,https://www.axa.dz,https://www.facebook.com/AxaAssurancesAlgerie,https://www.linkedin.com/company/axa,,+213 21 98 00 20,ServiceRelationClient@axa.dz
Groupe Chiali spa,Pavillon Palestine / Ext. Palestine,https://www.groupe-chiali.com,https://www.facebook.com/chiali.groupe,https://www.linkedin.com/company/chiali-groupe,,+213 (0)48 70 31 90,info@groupe-chiali.com
Knauf Plâtres Algérie sarl,Pavillon Palestine / Cascade,https://www.knaufalgerie.com,https://www.facebook.com/KnaufDZAlgerie,https://www.linkedin.com/company/knauf,@Knauf_Algerie (X),+213 (0)21 36 87 00,info@knaufalgerie.com
Groupe Industriel des Ciments d'Algérie / GICA,Pavillon Palestine,https://www.gica.dz,https://www.facebook.com/GroupeGICA,https://www.linkedin.com/company/groupegica,,+213 (0)25 45 61 16,contact@gica.dz
Amouda Ciment sarl,Pavillon Palestine,https://amoudaciment.com,https://www.facebook.com/AmoudaCiment,https://www.linkedin.com/company/amouda-ciment,,+213 (0)20 33 91 91,communication@amoudaciment.com
Cash Assurances,Pavillon Palestine,https://www.cash-assurances.dz,,,,,
Banque de Développement Local (BDL),Pavillon Palestine,https://www.bdl.dz,https://www.facebook.com/BDLAlgerie,,,,
Bank ABC Algérie,Pavillon Palestine,https://www.bank-abc.com/dz,,https://www.linkedin.com/company/bank-abc,,,
Compagnie Algérienne des Assurances (CAAT),Pavillon Palestine,https://www.caat.dz,,,,,
Arab Leasing Corporation,Pavillon Palestine,,,,,,
Groupe Industriel Sidi Bendehiba,Pavillon Palestine,,,,,,
Holding SNS (Sté Nationale de Sidérurgie),Pavillon Palestine,https://www.sns.dz,,,,,
Algerian Qatari Steel,Pavillon Palestine,,,,,,
Condor Immo spa,Pavillon Palestine,https://www.condor.dz,https://www.facebook.com/condordz,https://www.linkedin.com/company/condor-algerie,,+213 (0)35 87 61 61,info@condor.dz
Condor spa,Pavillon Palestine,https://www.condor.dz,https://www.facebook.com/condordz,https://www.linkedin.com/company/condor-algerie,,+213 (0)35 87 61 61,info@condor.dz
Groupe Chiali Isotech spa,Pavillon Palestine,https://www.groupe-chiali.com,https://www.facebook.com/chiali.groupe,https://www.linkedin.com/company/chiali-groupe,,+213 (0)48 70 31 90,info@groupe-chiali.com
Groupe Chiali spa - Promotion Immobilière Mawteny,Pavillon Palestine,https://www.groupe-chiali.com,https://www.facebook.com/chiali.groupe,https://www.linkedin.com/company/chiali-groupe,,+213 (0)48 70 31 90,info@groupe-chiali.com
Global Gypse Company,Pavillon Palestine / Cascade,,,,,,
Granitex Nouveaux Produits spa,Pavillon Palestine,,,,,,
Groupe Bouadjil,Pavillon Palestine,,,,,,
Euro Moteur sarl,Pavillon Palestine,,,,,,
Groupe Etudes et Engineering,Pavillon Palestine,,,,,,
Groupe Industrie Locales Divindus,Pavillon Palestine,,,,,,
El Kfel Promotion Immobilière,Pavillon Palestine,,,,,,
Entreprise Nationale de Promotion Immobilière,Pavillon Palestine,,,,,,
Entreprise Nationale des Ascenseurs ENASC,Pavillon Palestine,,,,,,
EPE Groupe GEICA spa,Pavillon Palestine,,,,,,
Ets Meftahi Solutions IT,Pavillon Palestine,,,,,,
Fonds de Garantie et de Caution Mutuelle de la Promotion Immobilière,Pavillon Palestine,,,,,,
Future Pipe sarl,Pavillon Palestine,,,,,,
Abclim eurl,Pavillon Union-N,,,,,,
Azizi Production sarl,Pavillon Union-N,,,,,,
Belle Etiquette sarl,Pavillon Union-N,,,,,,
Blanco Peintures Zeroukhi Reda,Pavillon Union-N,,,,,,
Colors Paint sarl,Pavillon Union-N,,,,,,
Deco Paint Fabrication de Peintures eurl,Pavillon Union-N,,,,,,
Drizoro Algerie,Pavillon Union-N,https://www.drizoro.com,,,,,
Grupo Pumal spa,Pavillon Union-N,,,,,,
Jotun Technover spa,Pavillon Union-N,https://www.jotun.com,,https://www.linkedin.com/company/jotun,,,
King Imi spa,Pavillon Union-N,,,,,,
Lorn Chemicals sarl,Pavillon Union-N,,,,,,
Pigma Color sarl,Pavillon Union-N,,,,,,
Sapeint sarl,Pavillon Union-N,,,,,,
Sappec Peintures sarl,Pavillon Union-N,,,,,,
Star Placo sarl,Pavillon Union-N,,,,,,
Universal Color eurl,Pavillon Union-N,,,,,,
Wanlon Algerie sarl,Pavillon Union-N,,,,,,
Z Deco Paint Import Export sarl,Pavillon Union-N,,,,,,
Acces Industrie sarl,Pavillon Gourara,,,,,,
Air Power Group srl,Pavillon Gourara,,,,,,
Baioni Crushing Plants srl,Pavillon Gourara,https://www.baioni.it,,,,,info@baioni.it
Bianchi Casseforme s.R.L.,Pavillon Gourara,,,,,,
Biesse spa,Pavillon Gourara,https://www.biesse.com,,https://www.linkedin.com/company/biesse,,,
Davi-Promau,Pavillon Gourara,https://www.davipromau.com,,,,,
Dellas s.P.A.,Pavillon Gourara,https://www.dellas.it,,,,,
Eurimpianti,Pavillon Gourara,,,,,,
Euroline srl,Pavillon Gourara,,,,,,
Expert Geometre Ait Chebib Said,Pavillon Gourara,,,,,,
Far Rubinetterie spa,Pavillon Gourara,,,,,,
Fiore Rubinetterie srl,Pavillon Gourara,,,,,,
Fraccaroli e Balzan spa,Pavillon Gourara,,,,,,
Gaggiotti Drilling Tools srl,Pavillon Gourara,,,,,,
Gaspari Menotti Technologies s.R.L.,Pavillon Gourara,,,,,,
Hidronix s.R.L.,Pavillon Gourara,,,,,,
I.C.F. Welko spa,Pavillon Gourara,,,,,,
Isabrasivi s.R.L.,Pavillon Gourara,,,,,,
ITA Trade – Agence Italienne Commerce Extérieur,Pavillon Gourara,https://www.ice.it,,,,,
Mait spa,Pavillon Gourara,https://www.mait.it,,,,,
Marpak OMS Group s.R.L.,Pavillon Gourara,,,,,,
Mct Italy srl,Pavillon Gourara,,,,,,
Polaris Industries srl,Pavillon Gourara,,,,,,
Prometec srl,Pavillon Gourara,,,,,,
Ratto Fixing s.R.L.,Pavillon Gourara,,,,,,
Simec spa,Pavillon Gourara,https://www.simec.it,,,,,
Tenax spa,Pavillon Gourara,https://www.tenaxgroup.com,,,,,
Far Rubinetterie spa,Pavillon Gourara,,,,,,
Alpine Formwork Scaffolding Systems,Pavillon Casbah,,,,,,
Conmach Makine Sanayi ve Ticaret Ltd.,Pavillon Casbah,https://www.conmach.com,,,,,info@conmach.com
Constmach Makina İhracat İthalat Ltd.,Pavillon Casbah,https://www.constmach.com,,,,,info@constmach.com
Boratas Concassage et Criblage,Pavillon Casbah,,,,,,
Çelik Makina İmal.İnş. Ltd.,Pavillon Casbah,,,,,,
Demiray Vinç Makina Müh. Ltd.,Pavillon Casbah,,,,,,
Door Errihane Industry sarl,Pavillon Casbah,,,,,,
Hasmak Vinç Mak. San. Ve Tic. Ltd.,Pavillon Casbah,,,,,,
I-Mak Gearboxes and Couplings,Pavillon Casbah,https://www.i-mak.com,,,,,
Initiative Architecture,Pavillon Casbah,,,,,,
Kensan Makina San. Ve Tic. Ltd.,Pavillon Casbah,,,,,,
Mesa Formwork,Pavillon Casbah,,,,,,
Mrm Mekanik Makina Metal Ltd.,Pavillon Casbah,,,,,,
Namtas Concrete Block Machines,Pavillon Casbah,,,,,,
Polin Waterparks,Pavillon Casbah,https://www.polinwaterparks.com,,,,,
Promax Concrete Batching Plants,Pavillon Casbah,,,,,,
Saes Makine San. Ve Tic.,Pavillon Casbah,,,,,,
Schwing-Stetter,Pavillon Casbah / Ahaggar,https://www.schwing.de,,https://www.linkedin.com/company/schwing-stetter,,,
Yinmak Makina Sanayi ve Ticaret Ltd.,Pavillon Casbah,,,,,,
Adw Diamond Solutions,Pavillon Ahaggar,,,,,,
"Aimix Group Co., Ltd",Pavillon Ahaggar,https://www.aimixgroup.com,,,,,
Arcen Engenharia,Pavillon Ahaggar,,,,,,
"Beijing Sunlets Technology Co., Ltd.",Pavillon Ahaggar,,,,,,
Bombas Ideal,Pavillon Ahaggar,,,,,,
Borel France sas,Pavillon Ahaggar,,,,,,
"Changsha Nobleness Import and Export Trading Co., Ltd",Pavillon Ahaggar,,,,,,
"Foshan Happy Technology Co., Ltd",Pavillon Ahaggar,,,,,,
"Foshan Star Technology Co., Ltd",Pavillon Ahaggar,,,,,,
"Foshan Sunsco Steel Co., Ltd",Pavillon Ahaggar,,,,,,
"Guangdong Hantai Decoration Material Co., Ltd",Pavillon Ahaggar,,,,,,
"Hangzhou Epsole Technologies Co., Ltd",Pavillon Ahaggar,,,,,,
"Hebei United Energy Tech Co., Ltd",Pavillon Ahaggar,,,,,,
"Henan Zoke Crane Co., Ltd",Pavillon Ahaggar,,,,,,
Imerys,Pavillon Ahaggar,https://www.imerys.com,,https://www.linkedin.com/company/imerys,,,
"Jinan Hengsheng New Building Materials Co., Ltd",Pavillon Ahaggar,,,,,,
Kirby Building Systems Company,Pavillon Ahaggar,https://www.kirbybuildingsystems.com,,,,,
"Liming Heavy Industry Co., Ltd",Pavillon Ahaggar,https://www.limingco.com,,,,,
"Qingdao Chinastar Holding Co., Ltd",Pavillon Ahaggar,,,,,,
"Qingdao Honesteel Metal Co., Ltd.",Pavillon Ahaggar,,,,,,
"Shanghai Shibang Machinery Sales Co., Ltd",Pavillon Ahaggar,,,,,,
"Shandong Deyijia Sealant Industry Co., Ltd",Pavillon Ahaggar,,,,,,
"Shandong King United Machinery Co., Ltd",Pavillon Ahaggar,,,,,,
"Shandong Yiyuan Wood Industry Co., Ltd",Pavillon Ahaggar,,,,,,
"Shanghai Siway Building Material Co., Ltd",Pavillon Ahaggar,,,,,,
"Shenyang Xinguopai Materials Technology Co., Ltd.",Pavillon Ahaggar,,,,,,
"Shenzhen SWD Industry Co., Ltd",Pavillon Ahaggar,,,,,,
Sinotech Group,Pavillon Ahaggar,,,,,,
"Tianjin Wanlong Sanqiang Industry Co., Ltd",Pavillon Ahaggar,,,,,,
"Tianjin Youfa International Trade Co., Ltd",Pavillon Ahaggar,,,,,,
Unisteel sa,Pavillon Ahaggar,,,,,,
"Zhejiang Jile Supply Chain Management Co., Ltd",Pavillon Ahaggar,,,,,,
"Zhejiang Tasan Flow Tech Co., Ltd.",Pavillon Ahaggar,,,,,,
"Zhengzhou Corey Machinery Equipment Co., Ltd.",Pavillon Ahaggar,,,,,,
Adopen Algerie spa,Pavillon Central Concorde,,,,,,
Africa Multiple sarl,Pavillon Central Concorde,,,,,,
Ain Dalia Marbre et Granit sarl,Pavillon Central Concorde,,,,,,
Bama Ceram sarl,Pavillon Central Concorde,,,,,,
Bceram sarl,Pavillon Central Concorde,,,,,,
Ceram Decor Group,Pavillon Central Concorde,,,,,,
Ceraprod sarl,Pavillon Central Concorde,,,,,,
Poleceram sarl,Pavillon Central Concorde,,,,,,
Royal Ceram sarl,Pavillon Central Concorde,,,,,,
Sifag spa,Pavillon Central Concorde,,,,,,
Sofcontra sarl,Pavillon Central Concorde,,,,,,
Mosaique de Luxe,Pavillon Central Concorde,,,,,,
Numidia Meuble Import Export eurl,Pavillon Central Concorde,,,,,,
Bordj Steel spa,Ext. Pavillon Palestine,,,,,,
El Djarissi Groupe eurl,Ext. Pavillon Palestine,,,,,,
Etka Power Company sarl,Ext. Pavillon Palestine,,,,,,
Fabp Sadoudi sarl,Ext. Pavillon Palestine,,,,,,
Gam Mital sarl,Ext. Pavillon Palestine,,,,,,
Groupe Sonarem,Ext. Pavillon Palestine,,,,,,
Moduvi Construction Modulaire sarl,Ext. Pavillon Palestine,,,,,,
Moon Light sarl,Ext. Pavillon Palestine,,,,,,
Nour sarl Sokhour,Ext. Pavillon Palestine,,,,,,
Promed Design eurl,Ext. Pavillon Palestine,,,,,,
Knauf Plâtres sarl,Cascade,https://www.knaufalgerie.com,https://www.facebook.com/KnaufDZAlgerie,https://www.linkedin.com/company/knauf,@Knauf_Algerie (X),+213 (0)21 36 87 00,info@knaufalgerie.com
Lafarge Service Algérie,Cascade,https://www.lafarge.dz,https://www.facebook.com/holcim.dz,https://www.linkedin.com/company/lafarge,,+213 (0)23 67 10 00,sofiane.yahimi@lafarge.com
Global Gypse Company,Cascade,,,,,,
Taouab sarl,Cascade,,,,,,
Atom Metal sarl,Allée Principale,,,,,,
Baytimod eurl,Allée Principale,,,,,,
Bloctech-Solutions sarl,Allée Principale,,,,,,
Bordj Construction Métallique sarl,Allée Principale,,,,,,
Fraim International sarl,Allée Principale,,,,,,
Grafil sarl,Allée Principale,,,,,,
Kacidi Import Export sarl,Allée Principale,,,,,,
Algal Plus,Place Unité Africaine,,,,,,
Algomat sarl,Place Unité Africaine,,,,,,
Almexol Algerie sarl,Place Unité Africaine,,,,,,
Charabi Industry eurl,Place Unité Africaine,,,,,,
El Bordi sarl,Place Unité Africaine,,,,,,
Entreprise Nationale des Matériels de Travaux Publics,Place Unité Africaine,,,,,,
Fomatrap sarl,Place Unité Africaine,,,,,,
Future Motors Algerie sarl,Place Unité Africaine,,,,,,
Generale Pneumatiques sarl,Place Unité Africaine,,,,,,
Groupe CTS Rahmoune,Place Unité Africaine,,,,,,
IIb sarl,Place Unité Africaine,,,,,,
Intermat sarl,Place Unité Africaine,,,,,,
Kadri Metaux eurl,Place Unité Africaine,,,,,,
Knh Car Industry sarl,Place Unité Africaine,,,,,,
Liebherr Algerie sarl,Place Unité Africaine,https://www.liebherr.com,,https://www.linkedin.com/company/liebherr,,,
Logistibat eurl,Place Unité Africaine,,,,,,
Medi Faouz eurl,Place Unité Africaine,,,,,,
Negoce Auto Service spa,Place Unité Africaine,,,,,,
Opdz sarl,Place Unité Africaine,,,,,,
Pengpu Algerie sarl,Place Unité Africaine,,,,,,
Planet Services Engineering sarl,Place Unité Africaine,,,,,,
Socope sarl,Place Unité Africaine,,,,,,
Tirsam sarl,Place Unité Africaine,,,,,,
Zemzem Projection eurl,Place Unité Africaine,,,,,,
